{
	"num_mip_level" : 4,
	"padding" : 8,
	"resource_pack_name" : "vanilla",
    "texture_data" : {
		"vertical_planks" : {
			"textures" : [
				"textures/blocks/vertical_planks_oak",
				"textures/blocks/vertical_planks_spruce",
				"textures/blocks/vertical_planks_birch",
				"textures/blocks/vertical_planks_jungle",
				"textures/blocks/vertical_planks_acacia",
				"textures/blocks/vertical_planks_dark_oak"
			]
		},
		"vertical_crimson_planks" : {
			"textures" : "textures/blocks/vertical_planks_crimson"
		},
		"vertical_warped_planks" : {
			"textures" : "textures/blocks/vertical_planks_warped"
		},
		"vertical_mangrove_planks" : {
			"textures" : "textures/blocks/vertical_planks_mangrove"
		}
	},
	"texture_name" :  "atlas.terrain"
}